owner,repo,full_name,stargazers_count,subscribers_count,open_issues_count,forks_count,fork,html_url_repo,watchers_count,commit_id,commit_message,badge
theislab,2015-grn-inference,theislab/2015-grn-inference,0,2,0,0,FALSE,https://github.com/theislab/2015-grn-inference,0,NA,NA,NA
theislab,2018_Angelidis,theislab/2018_Angelidis,6,4,0,6,FALSE,https://github.com/theislab/2018_Angelidis,6,NA,NA,NA
theislab,2019_Strunz,theislab/2019_Strunz,6,5,1,11,FALSE,https://github.com/theislab/2019_Strunz,6,NA,NA,NA
theislab,2020_Inhibition_LTbetaR-signalling,theislab/2020_Inhibition_LTbetaR-signalling,0,4,0,3,FALSE,https://github.com/theislab/2020_Inhibition_LTbetaR-signalling,0,NA,NA,NA
theislab,2020_Mayr,theislab/2020_Mayr,7,6,0,8,FALSE,https://github.com/theislab/2020_Mayr,7,NA,NA,NA
theislab,2020_iPS_Lung_Differentiation,theislab/2020_iPS_Lung_Differentiation,2,5,0,2,FALSE,https://github.com/theislab/2020_iPS_Lung_Differentiation,2,NA,NA,NA
theislab,2021_Aliluev_Tritschler_gut_HFD,theislab/2021_Aliluev_Tritschler_gut_HFD,2,4,0,1,FALSE,https://github.com/theislab/2021_Aliluev_Tritschler_gut_HFD,2,NA,NA,NA
theislab,2021_PRMT7_regulates_Monocyte_Extravasation,theislab/2021_PRMT7_regulates_Monocyte_Extravasation,1,4,0,2,FALSE,https://github.com/theislab/2021_PRMT7_regulates_Monocyte_Extravasation,1,NA,NA,NA
theislab,2022_Bakhti_pancreas_Syt13,theislab/2022_Bakhti_pancreas_Syt13,0,3,0,0,FALSE,https://github.com/theislab/2022_Bakhti_pancreas_Syt13,0,NA,NA,NA
theislab,2022_Tritschler_pancreas_cross_species,theislab/2022_Tritschler_pancreas_cross_species,4,3,0,1,FALSE,https://github.com/theislab/2022_Tritschler_pancreas_cross_species,4,NA,NA,NA
theislab,AutoGeneS,theislab/AutoGeneS,53,6,5,8,FALSE,https://github.com/theislab/AutoGeneS,53,NA,NA,NA
theislab,Covid_meta_analysis,theislab/Covid_meta_analysis,24,8,2,11,FALSE,https://github.com/theislab/Covid_meta_analysis,24,NA,NA,NA
theislab,DeepCollisionalCrossSection,theislab/DeepCollisionalCrossSection,13,5,1,6,FALSE,https://github.com/theislab/DeepCollisionalCrossSection,13,NA,NA,NA
theislab,DeepRT,theislab/DeepRT,27,2,11,10,FALSE,https://github.com/theislab/DeepRT,27,NA,NA,NA
theislab,ELS_analysis,theislab/ELS_analysis,0,2,0,0,FALSE,https://github.com/theislab/ELS_analysis,0,NA,NA,NA
theislab,GWAS-scRNAseq-Integration,theislab/GWAS-scRNAseq-Integration,10,5,0,12,FALSE,https://github.com/theislab/GWAS-scRNAseq-Integration,10,NA,NA,NA
theislab,GoBI_single_cell,theislab/GoBI_single_cell,0,3,0,0,FALSE,https://github.com/theislab/GoBI_single_cell,0,NA,NA,NA
theislab,HPA_reproducibility,theislab/HPA_reproducibility,2,3,0,1,FALSE,https://github.com/theislab/HPA_reproducibility,2,NA,NA,NA
theislab,HRCA-reproducibility,theislab/HRCA-reproducibility,2,4,0,1,FALSE,https://github.com/theislab/HRCA-reproducibility,2,NA,NA,NA
theislab,IMPA,theislab/IMPA,8,2,0,1,FALSE,https://github.com/theislab/IMPA,8,NA,NA,NA
theislab,InterpretableAutoencoders,theislab/InterpretableAutoencoders,5,4,0,1,FALSE,https://github.com/theislab/InterpretableAutoencoders,5,NA,NA,NA
theislab,LODE,theislab/LODE,4,2,9,0,FALSE,https://github.com/theislab/LODE,4,NA,NA,NA
theislab,LineagePulse,theislab/LineagePulse,2,5,0,0,FALSE,https://github.com/theislab/LineagePulse,2,NA,NA,NA
theislab,LungAgingAtlas,theislab/LungAgingAtlas,0,5,0,0,FALSE,https://github.com/theislab/LungAgingAtlas,0,NA,NA,NA
theislab,LungInjuryRegeneration,theislab/LungInjuryRegeneration,2,8,0,0,FALSE,https://github.com/theislab/LungInjuryRegeneration,2,NA,NA,NA
theislab,MRGR_stress_analysis,theislab/MRGR_stress_analysis,0,3,0,0,FALSE,https://github.com/theislab/MRGR_stress_analysis,0,NA,NA,NA
theislab,MS_mv_modelling,theislab/MS_mv_modelling,0,2,0,0,FALSE,https://github.com/theislab/MS_mv_modelling,0,NA,NA,NA
theislab,MetaMap,theislab/MetaMap,11,7,0,8,FALSE,https://github.com/theislab/MetaMap,11,NA,NA,NA
theislab,MetaMap-web,theislab/MetaMap-web,0,4,2,0,FALSE,https://github.com/theislab/MetaMap-web,0,NA,NA,NA
theislab,PathReg,theislab/PathReg,8,3,0,0,FALSE,https://github.com/theislab/PathReg,8,NA,NA,NA
theislab,anndata2ri,theislab/anndata2ri,116,7,15,16,FALSE,https://github.com/theislab/anndata2ri,116,735babdf0f9276ca87228d66ff3e2d3fb6ac5b1e,"[pre-commit.ci] pre-commit autoupdate (#177)

updates:
- [github.com/astral-sh/ruff-pre-commit: v0.4.10 → v0.5.0](https://github.com/astral-sh/ruff-pre-commit/compare/v0.4.10...v0.5.0)

Co-authored-by: pre-commit-ci[bot] <66853113+pre-commit-ci[bot]@users.noreply.github.com>",[![](https://github.com/theislab/anndata2ri/workflows/Unit%20Tests/badge.svg)](https://github.com/theislab/anndata2ri/actions/runs/9774622487)
theislab,archmap_admin,theislab/archmap_admin,0,2,0,0,FALSE,https://github.com/theislab/archmap_admin,0,NA,NA,NA
theislab,archmap_doc,theislab/archmap_doc,0,3,0,0,FALSE,https://github.com/theislab/archmap_doc,0,NA,NA,NA
theislab,astrocytes_reprogramming_analysis,theislab/astrocytes_reprogramming_analysis,1,5,0,0,FALSE,https://github.com/theislab/astrocytes_reprogramming_analysis,1,NA,NA,NA
theislab,atlas-feature-selection-benchmark,theislab/atlas-feature-selection-benchmark,5,2,0,0,FALSE,https://github.com/theislab/atlas-feature-selection-benchmark,5,NA,NA,NA
theislab,augurpy,theislab/augurpy,2,2,10,0,FALSE,https://github.com/theislab/augurpy,2,NA,NA,NA
theislab,autoencoderPS,theislab/autoencoderPS,1,3,0,2,FALSE,https://github.com/theislab/autoencoderPS,1,NA,NA,NA
theislab,bartSeq,theislab/bartSeq,1,5,1,5,FALSE,https://github.com/theislab/bartSeq,1,NA,NA,NA
theislab,bartseq-pipeline,theislab/bartseq-pipeline,2,4,0,3,FALSE,https://github.com/theislab/bartseq-pipeline,2,NA,NA,NA
theislab,batchglm,theislab/batchglm,26,3,47,9,FALSE,https://github.com/theislab/batchglm,26,b893fd0ce020669ff38583e4ec135b10926093ae,fixed repo properties,[![](https://github.com/theislab/batchglm/workflows/cookietemple%20sync/badge.svg)](https://github.com/theislab/batchglm/actions/runs/4898948664)
theislab,bindome,theislab/bindome,1,3,5,1,FALSE,https://github.com/theislab/bindome,1,NA,NA,NA
theislab,campa,theislab/campa,13,4,5,4,FALSE,https://github.com/theislab/campa,13,NA,NA,NA
theislab,campa_ana,theislab/campa_ana,2,4,0,0,FALSE,https://github.com/theislab/campa_ana,2,NA,NA,NA
theislab,cellrank,theislab/cellrank,324,8,17,42,FALSE,https://github.com/theislab/cellrank,324,08f1c901cc4ba1f6500f6fced4df8f5c076755e9,"Fix/importError #1183 (#1184)

* fixed importError, issue #1183

* Removed 'renamed_arg'

* linting",[![](https://github.com/theislab/cellrank/workflows/Deployment/badge.svg)](https://github.com/theislab/cellrank/actions/runs/8601715542)
theislab,cellrank,theislab/cellrank,324,8,17,42,FALSE,https://github.com/theislab/cellrank,324,6074913214f087301dd49bd9ef581c20ec56e759,Fix failing test,[![](https://github.com/theislab/cellrank/workflows/Test/badge.svg)](https://github.com/theislab/cellrank/actions/runs/9736063251) [![](https://github.com/theislab/cellrank/workflows/Lint/badge.svg)](https://github.com/theislab/cellrank/actions/runs/9736137543)
theislab,cellrank2_reproducibility,theislab/cellrank2_reproducibility,5,1,1,1,FALSE,https://github.com/theislab/cellrank2_reproducibility,5,f5c767a08bd0db4b58036afaffc91d0a649c90a5,"Add initial state identification (#59)

* Add `embryoid_body/initial_state.ipynb`

* Add `hematopoiesis/initial_state.ipynb`

* Add `mef/initial_state.ipynb`

* Add initial state analysis for pharyngeal data

* Update `_toc.yml`",[![](https://github.com/theislab/cellrank2_reproducibility/workflows/deploy-jupyter-book/badge.svg)](https://github.com/theislab/cellrank2_reproducibility/actions/runs/8315825726) [![](https://github.com/theislab/cellrank2_reproducibility/workflows/Lint/badge.svg)](https://github.com/theislab/cellrank2_reproducibility/actions/runs/8315825728)
theislab,cellrank_notebooks,theislab/cellrank_notebooks,6,4,1,5,FALSE,https://github.com/theislab/cellrank_notebooks,6,6777840bcc146924d208c0b9b02677da63620805,[ci skip] Fix pepy badge,[![](https://github.com/theislab/cellrank_notebooks/workflows/Lint/badge.svg)](https://github.com/theislab/cellrank_notebooks/actions/runs/6686677756)
theislab,cellrank_reproducibility,theislab/cellrank_reproducibility,13,2,0,8,FALSE,https://github.com/theislab/cellrank_reproducibility,13,NA,NA,NA
theislab,cellrank_reproducibility_preprint,theislab/cellrank_reproducibility_preprint,4,2,0,0,FALSE,https://github.com/theislab/cellrank_reproducibility_preprint,4,NA,NA,NA
theislab,chemCPA,theislab/chemCPA,88,5,10,23,FALSE,https://github.com/theislab/chemCPA,88,NA,NA,NA
theislab,collideseq_reproducibility,theislab/collideseq_reproducibility,0,2,0,0,FALSE,https://github.com/theislab/collideseq_reproducibility,0,NA,NA,NA
theislab,consensus-clustering-evaluation,theislab/consensus-clustering-evaluation,0,4,0,0,FALSE,https://github.com/theislab/consensus-clustering-evaluation,0,NA,NA,NA
theislab,countae,theislab/countae,1,4,0,0,FALSE,https://github.com/theislab/countae,1,NA,NA,NA
theislab,covid-perturbation,theislab/covid-perturbation,4,3,0,0,FALSE,https://github.com/theislab/covid-perturbation,4,NA,NA,NA
theislab,covid_macrophages_integration,theislab/covid_macrophages_integration,2,5,0,5,FALSE,https://github.com/theislab/covid_macrophages_integration,2,NA,NA,NA
theislab,cpa,theislab/cpa,77,5,17,17,FALSE,https://github.com/theislab/cpa,77,NA,NA,NA
theislab,cpa-reproducibility,theislab/cpa-reproducibility,7,2,1,1,FALSE,https://github.com/theislab/cpa-reproducibility,7,NA,NA,NA
theislab,cross_system_integration,theislab/cross_system_integration,10,2,10,1,FALSE,https://github.com/theislab/cross_system_integration,10,NA,NA,NA
theislab,dali,theislab/dali,0,7,0,1,FALSE,https://github.com/theislab/dali,0,NA,NA,NA
theislab,dca,theislab/dca,239,11,31,71,FALSE,https://github.com/theislab/dca,239,NA,NA,NA
theislab,deepflow,theislab/deepflow,31,5,1,14,FALSE,https://github.com/theislab/deepflow,31,NA,NA,NA
theislab,destiny,theislab/destiny,69,5,32,12,FALSE,https://github.com/theislab/destiny,69,300eb293fb773fb3d667818b946fdd3c62b0aa05,Fix sparse matrix cast and ggplot aes_string deprecations (#65),[![](https://github.com/theislab/destiny/workflows/R-CMD-check-bioc/badge.svg)](https://github.com/theislab/destiny/actions/runs/7347769080)
theislab,diffxpy,theislab/diffxpy,179,6,107,23,FALSE,https://github.com/theislab/diffxpy,179,NA,NA,NA
theislab,diffxpy_tutorials,theislab/diffxpy_tutorials,10,8,4,2,FALSE,https://github.com/theislab/diffxpy_tutorials,10,NA,NA,NA
theislab,disent,theislab/disent,6,3,0,0,FALSE,https://github.com/theislab/disent,6,NA,NA,NA
theislab,edgepy,theislab/edgepy,0,3,0,0,FALSE,https://github.com/theislab/edgepy,0,NA,NA,NA
theislab,ehrapy,theislab/ehrapy,133,5,42,18,FALSE,https://github.com/theislab/ehrapy,133,39381facdd04563fc5dc867f0b35258e0b128cfd,"Added new refuters (#770)

* Added new refuters

* added comment explaining change",[![](https://github.com/theislab/ehrapy/workflows/Labeler/badge.svg)](https://github.com/theislab/ehrapy/actions/runs/9710544338)
theislab,ehrapy,theislab/ehrapy,133,5,42,18,FALSE,https://github.com/theislab/ehrapy,133,84d33c8988ea560aa557fbe6a99b926befa84457,"Add test windows

Signed-off-by: zethson <lukas.heumos@posteo.net>",[![](https://github.com/theislab/ehrapy/workflows/Test%20windows%20stuff/badge.svg)](https://github.com/theislab/ehrapy/actions/runs/5577003787)
theislab,ehrapy,theislab/ehrapy,133,5,42,18,FALSE,https://github.com/theislab/ehrapy,133,869cd3fdada67d26c0a45650ac0ddd346ef7bedc,"Version 0.8.0

Signed-off-by: zethson <lukas.heumos@posteo.net>",[![](https://github.com/theislab/ehrapy/workflows/Release/badge.svg)](https://github.com/theislab/ehrapy/actions/runs/9164725536)
theislab,ehrapy-cli,theislab/ehrapy-cli,1,3,0,0,FALSE,https://github.com/theislab/ehrapy-cli,1,NA,NA,NA
theislab,ehrapy-datasets,theislab/ehrapy-datasets,5,2,0,2,FALSE,https://github.com/theislab/ehrapy-datasets,5,e441a5d0912396064360799f10de973b377ba6a5,"Merge pull request #23 from theislab/diabetes-update

change diabetes dataset doc",[![](https://github.com/theislab/ehrapy-datasets/workflows/Run%20Notebooks/badge.svg)](https://github.com/theislab/ehrapy-datasets/actions/runs/8356857136)
theislab,ehrapy-reproducibility,theislab/ehrapy-reproducibility,0,1,1,0,FALSE,https://github.com/theislab/ehrapy-reproducibility,0,NA,NA,NA
theislab,ehrapy-site,theislab/ehrapy-site,1,2,0,0,FALSE,https://github.com/theislab/ehrapy-site,1,NA,NA,NA
theislab,ehrapy-tutorials,theislab/ehrapy-tutorials,5,3,0,2,FALSE,https://github.com/theislab/ehrapy-tutorials,5,NA,NA,NA
theislab,ehrdata,theislab/ehrdata,5,3,1,1,FALSE,https://github.com/theislab/ehrdata,5,NA,NA,NA
theislab,enrichment_analysis_celltype,theislab/enrichment_analysis_celltype,9,5,0,4,FALSE,https://github.com/theislab/enrichment_analysis_celltype,9,NA,NA,NA
theislab,epicardiods_analysis,theislab/epicardiods_analysis,2,2,1,0,FALSE,https://github.com/theislab/epicardiods_analysis,2,NA,NA,NA
theislab,expiMap_reproducibility,theislab/expiMap_reproducibility,9,5,3,4,FALSE,https://github.com/theislab/expiMap_reproducibility,9,NA,NA,NA
theislab,extended-single-cell-best-practices-container,theislab/extended-single-cell-best-practices-container,4,4,2,1,FALSE,https://github.com/theislab/extended-single-cell-best-practices-container,4,NA,NA,NA
theislab,feature-attribution-sc,theislab/feature-attribution-sc,4,2,8,1,FALSE,https://github.com/theislab/feature-attribution-sc,4,NA,NA,NA
theislab,flexible_priors,theislab/flexible_priors,2,2,0,0,FALSE,https://github.com/theislab/flexible_priors,2,NA,NA,NA
theislab,flowVI,theislab/flowVI,5,3,0,0,FALSE,https://github.com/theislab/flowVI,5,NA,NA,NA
theislab,gastrulation_analysis,theislab/gastrulation_analysis,9,4,0,1,FALSE,https://github.com/theislab/gastrulation_analysis,9,NA,NA,NA
theislab,geome,theislab/geome,16,3,3,4,FALSE,https://github.com/theislab/geome,16,5bf0cd07b2ea7fa224a37f69232542a9e686c5bf,"Merge pull request #31 from theislab/template-update

Automated template update from cookiecutter-scverse",[![](https://github.com/theislab/geome/workflows/Sync%20Template/badge.svg)](https://github.com/theislab/geome/actions/runs/4904831582)
theislab,gh-dashboard,theislab/gh-dashboard,1,2,0,0,FALSE,https://github.com/theislab/gh-dashboard,1,bbb8d3f8c09231495d4d8fb5c74e75fd1622c563,[status] 2024-07-05 12:11:49 UTC,[![](https://github.com/theislab/gh-dashboard/workflows/Render%20Status/badge.svg)](https://github.com/theislab/gh-dashboard/actions/runs/9819057689)
theislab,graph_abstraction,theislab/graph_abstraction,26,8,0,10,FALSE,https://github.com/theislab/graph_abstraction,26,NA,NA,NA
theislab,graphcompass,theislab/graphcompass,16,2,0,0,FALSE,https://github.com/theislab/graphcompass,16,7c455146402592d7ba73173a72d2abc4d5f7737b,initial commit,[![](https://github.com/theislab/graphcompass/workflows/Labeler/badge.svg)](https://github.com/theislab/graphcompass/actions/runs/7630989244) [![](https://github.com/theislab/graphcompass/workflows/Release/badge.svg)](https://github.com/theislab/graphcompass/actions/runs/7630989237)
theislab,greatpy,theislab/greatpy,8,3,4,0,FALSE,https://github.com/theislab/greatpy,8,NA,NA,NA
theislab,gut_lineage,theislab/gut_lineage,2,3,0,3,FALSE,https://github.com/theislab/gut_lineage,2,NA,NA,NA
theislab,hadge,theislab/hadge,23,3,12,6,FALSE,https://github.com/theislab/hadge,23,1ed105ed192e66898ff7a305a2c21f5b8c81bcf7,fix gdown bug,[![](https://github.com/theislab/hadge/workflows/sphinx-docs/badge.svg)](https://github.com/theislab/hadge/actions/runs/7569650236)
theislab,hadge,theislab/hadge,23,3,12,6,FALSE,https://github.com/theislab/hadge,23,490a554067600ef43eced83ba5825ff8f69f6774,"Merge pull request #55 from theislab/dev

Fix freebayes parameter",[![](https://github.com/theislab/hadge/workflows/pre-commit/badge.svg)](https://github.com/theislab/hadge/actions/runs/9366149796) [![](https://github.com/theislab/hadge/workflows/hadge%20test%20workflow/badge.svg)](https://github.com/theislab/hadge/actions/runs/9366149805)
theislab,hadge-reproducibility,theislab/hadge-reproducibility,0,2,0,0,FALSE,https://github.com/theislab/hadge-reproducibility,0,NA,NA,NA
theislab,icml_cbw_2022_clcvae,theislab/icml_cbw_2022_clcvae,0,3,0,0,FALSE,https://github.com/theislab/icml_cbw_2022_clcvae,0,NA,NA,NA
theislab,idtrack,theislab/idtrack,0,1,6,0,FALSE,https://github.com/theislab/idtrack,0,12aa73e176bef9d1f91e9dc8c68010a1ac430c18,"Merge pull request #55 from theislab/development

Development",[![](https://github.com/theislab/idtrack/workflows/Labeler/badge.svg)](https://github.com/theislab/idtrack/actions/runs/5369045662)
theislab,idtrack,theislab/idtrack,0,1,6,0,FALSE,https://github.com/theislab/idtrack,0,63e94a5073ee98195415a955e15a998f55591826,"Merge pull request #39 from theislab/release

Release",[![](https://github.com/theislab/idtrack/workflows/cookietemple%20sync/badge.svg)](https://github.com/theislab/idtrack/actions/runs/4836150850)
theislab,idtrack,theislab/idtrack,0,1,6,0,FALSE,https://github.com/theislab/idtrack,0,ec9e9f53e59dddcae5fe1464eb36d9adab92411b,Debugging,[![](https://github.com/theislab/idtrack/workflows/Build%20idtrack%20Package/badge.svg)](https://github.com/theislab/idtrack/actions/runs/8296702245) [![](https://github.com/theislab/idtrack/workflows/Build%20Documentation/badge.svg)](https://github.com/theislab/idtrack/actions/runs/8296702249) [![](https://github.com/theislab/idtrack/workflows/Release%20Drafter/badge.svg)](https://github.com/theislab/idtrack/actions/runs/8296702241) [![](https://github.com/theislab/idtrack/workflows/cookietemple%20lint/badge.svg)](https://github.com/theislab/idtrack/actions/runs/8296702236) [![](https://github.com/theislab/idtrack/workflows/Run%20idtrack%20Tests/badge.svg)](https://github.com/theislab/idtrack/actions/runs/8296702246)
theislab,ifcseq,theislab/ifcseq,1,3,0,1,FALSE,https://github.com/theislab/ifcseq,1,NA,NA,NA
theislab,inVAE,theislab/inVAE,10,3,0,1,FALSE,https://github.com/theislab/inVAE,10,NA,NA,NA
theislab,integraph,theislab/integraph,0,2,4,0,FALSE,https://github.com/theislab/integraph,0,NA,NA,NA
theislab,interaction-tools,theislab/interaction-tools,1,4,0,0,FALSE,https://github.com/theislab/interaction-tools,1,NA,NA,NA
theislab,interactive_plotting,theislab/interactive_plotting,21,4,11,7,FALSE,https://github.com/theislab/interactive_plotting,21,NA,NA,NA
theislab,intercode,theislab/intercode,6,3,1,1,FALSE,https://github.com/theislab/intercode,6,NA,NA,NA
theislab,ipsc_ipd_analysis,theislab/ipsc_ipd_analysis,0,3,0,0,FALSE,https://github.com/theislab/ipsc_ipd_analysis,0,NA,NA,NA
theislab,jump-cpg0016-segmentation,theislab/jump-cpg0016-segmentation,5,1,2,0,FALSE,https://github.com/theislab/jump-cpg0016-segmentation,5,NA,NA,NA
theislab,kBET,theislab/kBET,147,8,9,23,FALSE,https://github.com/theislab/kBET,147,NA,NA,NA
theislab,kbranches,theislab/kbranches,5,7,0,0,FALSE,https://github.com/theislab/kbranches,5,NA,NA,NA
theislab,masterpraktikum_ssl_segmentation,theislab/masterpraktikum_ssl_segmentation,1,3,2,1,FALSE,https://github.com/theislab/masterpraktikum_ssl_segmentation,1,NA,NA,NA
theislab,moscot,theislab/moscot,101,3,51,9,FALSE,https://github.com/theislab/moscot,101,3fd4544b6aa3a13a91dca4f80a85110a879c66ed,"Merge pull request #717 from theislab/pre-commit-ci-update-config

[pre-commit.ci] pre-commit autoupdate",[![](https://github.com/theislab/moscot/workflows/Lint/badge.svg)](https://github.com/theislab/moscot/actions/runs/9793376582) [![](https://github.com/theislab/moscot/workflows/Test%20examples/badge.svg)](https://github.com/theislab/moscot/actions/runs/9793376583) [![](https://github.com/theislab/moscot/workflows/Test/badge.svg)](https://github.com/theislab/moscot/actions/runs/9793376584)
theislab,moscot,theislab/moscot,101,3,51,9,FALSE,https://github.com/theislab/moscot,101,6ea9a1612b829aaa4a1c192210e340a9c08d4ac6,"fix bug in quad problem marginals (#666)

Co-authored-by: Dominik Klein <dominik.klein@helmoltz-munich.de>",[![](https://github.com/theislab/moscot/workflows/Deployment/badge.svg)](https://github.com/theislab/moscot/actions/runs/8263290173)
theislab,moscot-framework_reproducibility,theislab/moscot-framework_reproducibility,2,2,1,0,FALSE,https://github.com/theislab/moscot-framework_reproducibility,2,NA,NA,NA
theislab,moscot_benchmarks,theislab/moscot_benchmarks,2,2,1,0,FALSE,https://github.com/theislab/moscot_benchmarks,2,NA,NA,NA
theislab,moscot_not,theislab/moscot_not,3,2,8,1,FALSE,https://github.com/theislab/moscot_not,3,NA,NA,NA
theislab,moscot_notebooks,theislab/moscot_notebooks,5,1,4,3,FALSE,https://github.com/theislab/moscot_notebooks,5,5b9d4e07d7188b1c391ec47a1c5d957da1ab2bca,"attribute and argument fixes (#80)

Co-authored-by: Arina Danilina <danilina@cip.ifi.lmu.de>",[![](https://github.com/theislab/moscot_notebooks/workflows/lint/badge.svg)](https://github.com/theislab/moscot_notebooks/actions/runs/9756362229)
theislab,moslin,theislab/moslin,9,1,0,1,FALSE,https://github.com/theislab/moslin,9,NA,NA,NA
theislab,mouse_cross-condition_pancreatic_islet_atlas,theislab/mouse_cross-condition_pancreatic_islet_atlas,7,2,0,3,FALSE,https://github.com/theislab/mouse_cross-condition_pancreatic_islet_atlas,7,NA,NA,NA
theislab,mubind,theislab/mubind,20,3,30,0,FALSE,https://github.com/theislab/mubind,20,d53296f8097090b7902fe56e765ca3b5527f06ac,hadamard product,[![](https://github.com/theislab/mubind/workflows/Python%20package/badge.svg)](https://github.com/theislab/mubind/actions/runs/9800578048)
theislab,multicpa,theislab/multicpa,13,2,1,2,FALSE,https://github.com/theislab/multicpa,13,NA,NA,NA
theislab,multicpa-reproducibility,theislab/multicpa-reproducibility,0,2,0,0,FALSE,https://github.com/theislab/multicpa-reproducibility,0,NA,NA,NA
theislab,multigrate,theislab/multigrate,12,3,8,4,FALSE,https://github.com/theislab/multigrate,12,NA,NA,NA
theislab,multigrate_reproducibility,theislab/multigrate_reproducibility,2,1,0,0,FALSE,https://github.com/theislab/multigrate_reproducibility,2,NA,NA,NA
theislab,multimil,theislab/multimil,0,4,10,0,FALSE,https://github.com/theislab/multimil,0,NA,NA,NA
theislab,multimil_reproducibility,theislab/multimil_reproducibility,0,3,3,0,FALSE,https://github.com/theislab/multimil_reproducibility,0,NA,NA,NA
theislab,multires-consensus-clustering,theislab/multires-consensus-clustering,3,4,9,0,FALSE,https://github.com/theislab/multires-consensus-clustering,3,NA,NA,NA
theislab,nbconvertR,theislab/nbconvertR,3,3,1,2,FALSE,https://github.com/theislab/nbconvertR,3,NA,NA,NA
theislab,ncem,theislab/ncem,99,6,26,13,FALSE,https://github.com/theislab/ncem,99,216fd576d1d1842234ceec300435a1dafcdf8b0c,"Merge pull request #154 from theislab/development

update docs and python versions",[![](https://github.com/theislab/ncem/workflows/Labeler/badge.svg)](https://github.com/theislab/ncem/actions/runs/5392074704)
theislab,ncem,theislab/ncem,99,6,26,13,FALSE,https://github.com/theislab/ncem,99,d03a0792b9ab6ea62d2715b57ce50fcf1a84967c,remove patsy dependency,[![](https://github.com/theislab/ncem/workflows/Build%20Documentation/badge.svg)](https://github.com/theislab/ncem/actions/runs/6666317399) [![](https://github.com/theislab/ncem/workflows/cookietemple%20lint/badge.svg)](https://github.com/theislab/ncem/actions/runs/6666317397)
theislab,ncem_benchmarks,theislab/ncem_benchmarks,8,4,4,2,FALSE,https://github.com/theislab/ncem_benchmarks,8,NA,NA,NA
theislab,ncem_tutorials,theislab/ncem_tutorials,11,4,5,0,FALSE,https://github.com/theislab/ncem_tutorials,11,NA,NA,NA
theislab,neural_organoid_atlas,theislab/neural_organoid_atlas,10,4,2,1,FALSE,https://github.com/theislab/neural_organoid_atlas,10,NA,NA,NA
theislab,nicheformer,theislab/nicheformer,34,3,8,2,FALSE,https://github.com/theislab/nicheformer,34,NA,NA,NA
theislab,organoid_dexamethason_stimulation,theislab/organoid_dexamethason_stimulation,0,3,0,1,FALSE,https://github.com/theislab/organoid_dexamethason_stimulation,0,NA,NA,NA
theislab,paga,theislab/paga,192,10,22,33,FALSE,https://github.com/theislab/paga,192,NA,NA,NA
theislab,pancreas-targeted_pharmacology,theislab/pancreas-targeted_pharmacology,0,7,0,2,FALSE,https://github.com/theislab/pancreas-targeted_pharmacology,0,NA,NA,NA
theislab,pancreatic-endocrinogenesis,theislab/pancreatic-endocrinogenesis,5,3,0,6,FALSE,https://github.com/theislab/pancreatic-endocrinogenesis,5,NA,NA,NA
theislab,pdac_analysis,theislab/pdac_analysis,0,2,0,0,FALSE,https://github.com/theislab/pdac_analysis,0,NA,NA,NA
theislab,pertpy-datasets,theislab/pertpy-datasets,1,3,0,1,FALSE,https://github.com/theislab/pertpy-datasets,1,NA,NA,NA
theislab,perturbation-metrics,theislab/perturbation-metrics,4,2,1,0,FALSE,https://github.com/theislab/perturbation-metrics,4,NA,NA,NA
theislab,pseudodynamics,theislab/pseudodynamics,39,7,0,6,FALSE,https://github.com/theislab/pseudodynamics,39,NA,NA,NA
theislab,quasiSCVI,theislab/quasiSCVI,0,2,0,0,FALSE,https://github.com/theislab/quasiSCVI,0,NA,NA,NA
theislab,reproducability_AutoGeneS,theislab/reproducability_AutoGeneS,0,3,0,0,FALSE,https://github.com/theislab/reproducability_AutoGeneS,0,NA,NA,NA
theislab,reproducibility_AutoGeneS,theislab/reproducibility_AutoGeneS,0,3,0,0,FALSE,https://github.com/theislab/reproducibility_AutoGeneS,0,NA,NA,NA
theislab,sc-best-practices-ce,theislab/sc-best-practices-ce,8,8,2,3,FALSE,https://github.com/theislab/sc-best-practices-ce,8,NA,NA,NA
theislab,sc-pert,theislab/sc-pert,134,6,6,10,FALSE,https://github.com/theislab/sc-pert,134,NA,NA,NA
theislab,scAnalysisTutorial,theislab/scAnalysisTutorial,10,3,0,3,FALSE,https://github.com/theislab/scAnalysisTutorial,10,NA,NA,NA
theislab,scArches-reproducibility,theislab/scArches-reproducibility,32,5,5,0,FALSE,https://github.com/theislab/scArches-reproducibility,32,NA,NA,NA
theislab,scCODA,theislab/scCODA,142,9,6,23,FALSE,https://github.com/theislab/scCODA,142,NA,NA,NA
theislab,scCODA_reproducibility,theislab/scCODA_reproducibility,7,5,0,1,FALSE,https://github.com/theislab/scCODA_reproducibility,7,NA,NA,NA
theislab,scPoli_legacy,theislab/scPoli_legacy,2,5,0,0,FALSE,https://github.com/theislab/scPoli_legacy,2,NA,NA,NA
theislab,scPoli_reproduce,theislab/scPoli_reproduce,13,3,1,4,FALSE,https://github.com/theislab/scPoli_reproduce,13,NA,NA,NA
theislab,scProtVelo,theislab/scProtVelo,0,0,0,0,FALSE,https://github.com/theislab/scProtVelo,0,NA,NA,NA
theislab,scTab,theislab/scTab,29,3,0,4,FALSE,https://github.com/theislab/scTab,29,NA,NA,NA
theislab,sc_analysis_template,theislab/sc_analysis_template,3,3,0,0,FALSE,https://github.com/theislab/sc_analysis_template,3,NA,NA,NA
theislab,sc_ketamine_analysis,theislab/sc_ketamine_analysis,0,4,0,0,FALSE,https://github.com/theislab/sc_ketamine_analysis,0,NA,NA,NA
theislab,sc_mae,theislab/sc_mae,1,2,0,0,FALSE,https://github.com/theislab/sc_mae,1,NA,NA,NA
theislab,scachepy,theislab/scachepy,7,5,3,1,FALSE,https://github.com/theislab/scachepy,7,NA,NA,NA
theislab,scanpy-demo-czbiohub,theislab/scanpy-demo-czbiohub,5,5,0,5,FALSE,https://github.com/theislab/scanpy-demo-czbiohub,5,NA,NA,NA
theislab,scanpy-in-R,theislab/scanpy-in-R,13,3,1,0,FALSE,https://github.com/theislab/scanpy-in-R,13,NA,NA,NA
theislab,scanpy.org,theislab/scanpy.org,0,7,1,0,FALSE,https://github.com/theislab/scanpy.org,0,NA,NA,NA
theislab,scanpy_neighbors,theislab/scanpy_neighbors,0,3,0,1,FALSE,https://github.com/theislab/scanpy_neighbors,0,NA,NA,NA
theislab,scanpy_squidpy_demo_2021,theislab/scanpy_squidpy_demo_2021,2,4,0,1,FALSE,https://github.com/theislab/scanpy_squidpy_demo_2021,2,NA,NA,NA
theislab,scanpydoc,theislab/scanpydoc,12,6,3,6,FALSE,https://github.com/theislab/scanpydoc,12,b0fe50f1c42ea1e79f9744fa5e79ebf3b4d53474,"[pre-commit.ci] pre-commit autoupdate (#156)

updates:
- [github.com/astral-sh/ruff-pre-commit: v0.4.10 → v0.5.0](https://github.com/astral-sh/ruff-pre-commit/compare/v0.4.10...v0.5.0)
- [github.com/pre-commit/mirrors-mypy: v1.10.0 → v1.10.1](https://github.com/pre-commit/mirrors-mypy/compare/v1.10.0...v1.10.1)

Co-authored-by: pre-commit-ci[bot] <66853113+pre-commit-ci[bot]@users.noreply.github.com>",[![](https://github.com/theislab/scanpydoc/workflows/Python%20tests/badge.svg)](https://github.com/theislab/scanpydoc/actions/runs/9774622592)
theislab,scarches,theislab/scarches,321,13,43,50,FALSE,https://github.com/theislab/scarches,321,NA,NA,NA
theislab,scarches_notebooks,theislab/scarches_notebooks,0,3,0,0,FALSE,https://github.com/theislab/scarches_notebooks,0,NA,NA,NA
theislab,scatac_poisson_reproducibility,theislab/scatac_poisson_reproducibility,7,3,0,0,FALSE,https://github.com/theislab/scatac_poisson_reproducibility,7,NA,NA,NA
theislab,scgen,theislab/scgen,252,9,21,51,FALSE,https://github.com/theislab/scgen,252,NA,NA,NA
theislab,scgen-reproducibility,theislab/scgen-reproducibility,18,4,5,8,FALSE,https://github.com/theislab/scgen-reproducibility,18,NA,NA,NA
theislab,scib,theislab/scib,282,14,38,60,FALSE,https://github.com/theislab/scib,NA,9c5a936b0ecf21ba09b1bc803712a42c2a942fbc,"Use precomputed clustering (#406)

* cluster only when clustering key does not exist or if forced

* add tests for precomputed clusters

* allow passing arguments to cluster_optimal_resolution from isolated label score

* fix docstring issues

* add test for isolated labe score with precomputed clusters

* fix neighbors check

* fix resolution getter function

* update explicit get_resolutions functions

* return no isolated labels when minimum number of batches per label is the same as total batches

* include update docstrings for clustering

* add use_rep to optimal clustering

* use graph connectivity for scanorama",[![](https://github.com/theislab/scib/workflows/Deployment/badge.svg)](https://github.com/theislab/scib/actions/runs/8788684911)
theislab,scib-pipeline,theislab/scib-pipeline,61,7,17,28,FALSE,https://github.com/theislab/scib-pipeline,61,NA,NA,NA
theislab,scib-reproducibility,theislab/scib-reproducibility,51,6,3,14,FALSE,https://github.com/theislab/scib-reproducibility,51,NA,NA,NA
theislab,scvelo,theislab/scvelo,397,12,59,102,FALSE,https://github.com/theislab/scvelo,397,b2f31b345641efdccd39fbcb8c0beaa0014b4b88,"Update `pyproject.toml` (#1226)

Fix package directory.",[![](https://github.com/theislab/scvelo/workflows/Release/badge.svg)](https://github.com/theislab/scvelo/actions/runs/8317755189)
theislab,scvelo_notebooks,theislab/scvelo_notebooks,28,2,4,13,FALSE,https://github.com/theislab/scvelo_notebooks,28,NA,NA,NA
theislab,sfaira,theislab/sfaira,133,8,167,13,FALSE,https://github.com/theislab/sfaira,133,55bcbbf2588a08e4a98b1e65324119407ec6e75c,Merge pull request #741 from theislab/release,[![](https://github.com/theislab/sfaira/workflows/Check%20URLs/badge.svg)](https://github.com/theislab/sfaira/actions/runs/9457340256)
theislab,sfaira,theislab/sfaira,133,8,167,13,FALSE,https://github.com/theislab/sfaira,133,5fcf932c44613e6bf4063ef3075ad6062bf5d9a1,round restored counts in some affected datasets,[![](https://github.com/theislab/sfaira/workflows/Build%20sfaira%20Package/badge.svg)](https://github.com/theislab/sfaira/actions/runs/7285672388) [![](https://github.com/theislab/sfaira/workflows/Create%20sfaira%20data-loader%20templates/badge.svg)](https://github.com/theislab/sfaira/actions/runs/7285672382) [![](https://github.com/theislab/sfaira/workflows/Run%20bandit/badge.svg)](https://github.com/theislab/sfaira/actions/runs/7285672385) [![](https://github.com/theislab/sfaira/workflows/Run%20flake8%20linting/badge.svg)](https://github.com/theislab/sfaira/actions/runs/7285672384)
theislab,sfaira,theislab/sfaira,133,8,167,13,FALSE,https://github.com/theislab/sfaira,133,ceb14c946f699c38d18a32192b76d4639caf845e,fix download links,[![](https://github.com/theislab/sfaira/workflows/Build%20Documentation/badge.svg)](https://github.com/theislab/sfaira/actions/runs/6812817430)
theislab,sfaira-portal,theislab/sfaira-portal,0,4,2,0,FALSE,https://github.com/theislab/sfaira-portal,0,NA,NA,NA
theislab,sfaira-site,theislab/sfaira-site,0,4,0,0,FALSE,https://github.com/theislab/sfaira-site,0,NA,NA,NA
theislab,sfaira_benchmarks,theislab/sfaira_benchmarks,0,3,0,0,FALSE,https://github.com/theislab/sfaira_benchmarks,0,NA,NA,NA
theislab,sfaira_extension,theislab/sfaira_extension,0,3,1,0,FALSE,https://github.com/theislab/sfaira_extension,0,NA,NA,NA
theislab,sfaira_tutorials,theislab/sfaira_tutorials,6,4,4,2,FALSE,https://github.com/theislab/sfaira_tutorials,6,NA,NA,NA
theislab,single-cell-best-practices,theislab/single-cell-best-practices,691,18,59,150,FALSE,https://github.com/theislab/single-cell-best-practices,691,bcb43c7a11be0f012fe67df202ce78abf443a8cf,"Mostly minor text changes plus mentioning 5' kits (#279)

* Improve clarity (hopefully)

Thank you so much for all of your work. I'm trying to polish as I read. Feel free to accept or reject any of these changes.

* Split text into paragraphs

* Conciseness edit

* Split text into more bite-size paragraphs

plus minor conciseness edit(s)

* convert text list to bullet-point list

* Smaller paragraphs, minor editing, plus mentioning 5' version

* Split paragraph

* Make consistent tense (present)

* Mention using MultiQC to combine multiple FastQC reports

* pre-commit

Signed-off-by: zethson <lukas.heumos@posteo.net>

---------

Signed-off-by: zethson <lukas.heumos@posteo.net>
Co-authored-by: zethson <lukas.heumos@posteo.net>",[![](https://github.com/theislab/single-cell-best-practices/workflows/Build%20book/badge.svg)](https://github.com/theislab/single-cell-best-practices/actions/runs/9363542512) [![](https://github.com/theislab/single-cell-best-practices/workflows/Build%20environments/badge.svg)](https://github.com/theislab/single-cell-best-practices/actions/runs/9363542534) [![](https://github.com/theislab/single-cell-best-practices/workflows/Labeler/badge.svg)](https://github.com/theislab/single-cell-best-practices/actions/runs/9363542513) [![](https://github.com/theislab/single-cell-best-practices/workflows/pre-commit/badge.svg)](https://github.com/theislab/single-cell-best-practices/actions/runs/9363542526)
theislab,single-cell-best-practices,theislab/single-cell-best-practices,691,18,59,150,FALSE,https://github.com/theislab/single-cell-best-practices,691,c06ca90930bd6c34220a7df594ed477aec1d6a19,"scATAC part (#162)

* scATAC_pp

* ct markers

* intro and QC1

* atac qc update

* remove old atac PP

* scATAC_pp

* ct markers

* intro and QC1

* atac qc update

* remove old atac PP

* Rename chapter

* Rename old chapter

* Add new intro

* Add conversion notebook

* Update conversion notebook

* intro_update

* moving files

* fix spelling

* Add citation file

* Add prelim overview figure

* Update citations

* Update citations

* atac qc nb

* Add Amulet overview

* atac qc plot update

* atac qc plot update

* atac qc plot update

* Add workflow description

* atac intro update

* atac update refs

* Fix ATAC typos & integrate introduction

Signed-off-by: zethson <lukas.heumos@posteo.net>

* Update description

* Fix bib

Signed-off-by: zethson <lukas.heumos@posteo.net>

* pre-commit

Signed-off-by: zethson <lukas.heumos@posteo.net>

* Replace overview figure

* Doublet detection edits

* Add scDblFinder description

* atac update qc

* fix scDblFinder calc

* QC comments

* Add descriptions

* Update citations

* scATAC qc update

* scATAC takeaways

* Revert outdated changes

Signed-off-by: zethson <lukas.heumos@posteo.net>

* Minor changes

Signed-off-by: zethson <lukas.heumos@posteo.net>

* Add GRN atac

Signed-off-by: zethson <lukas.heumos@posteo.net>

---------

Signed-off-by: zethson <lukas.heumos@posteo.net>
Co-authored-by: xlancelottx <christopher.lance94@gmail.com>
Co-authored-by: zethson <lukas.heumos@posteo.net>
Co-authored-by: Anna Schaar <anna.schaar@tum.de>",[![](https://github.com/theislab/single-cell-best-practices/workflows/Release%20Drafter/badge.svg)](https://github.com/theislab/single-cell-best-practices/actions/runs/4784044952)
theislab,single-cell-transformer-papers,theislab/single-cell-transformer-papers,126,8,0,12,FALSE,https://github.com/theislab/single-cell-transformer-papers,126,NA,NA,NA
theislab,single-cell-tutorial,theislab/single-cell-tutorial,1322,30,21,444,FALSE,https://github.com/theislab/single-cell-tutorial,1322,NA,NA,NA
theislab,singlecell_proteomics,theislab/singlecell_proteomics,5,5,6,3,FALSE,https://github.com/theislab/singlecell_proteomics,5,NA,NA,NA
theislab,spapros,theislab/spapros,23,3,12,6,FALSE,https://github.com/theislab/spapros,23,600d1b15c41d8de27acca322c9be619779279ed6,adapter tutorials to new framework,[![](https://github.com/theislab/spapros/workflows/Build%20Documentation/badge.svg)](https://github.com/theislab/spapros/actions/runs/9623196491) [![](https://github.com/theislab/spapros/workflows/cookietemple%20lint/badge.svg)](https://github.com/theislab/spapros/actions/runs/9623196496)
theislab,spapros,theislab/spapros,23,3,12,6,FALSE,https://github.com/theislab/spapros,23,e8a37c9e78039920a0792fc04f426ab062dbbf88,"Merge pull request #321 from theislab/patch_precommit

pre commit correction of readthedocs.yml",[![](https://github.com/theislab/spapros/workflows/Labeler/badge.svg)](https://github.com/theislab/spapros/actions/runs/8661094687) [![](https://github.com/theislab/spapros/workflows/cookietemple%20sync/badge.svg)](https://github.com/theislab/spapros/actions/runs/9815477853)
theislab,spapros-pipeline,theislab/spapros-pipeline,7,2,0,0,FALSE,https://github.com/theislab/spapros-pipeline,7,NA,NA,NA
theislab,spapros-smk,theislab/spapros-smk,0,2,0,1,FALSE,https://github.com/theislab/spapros-smk,0,NA,NA,NA
theislab,spapros_reproducibility,theislab/spapros_reproducibility,0,1,0,1,FALSE,https://github.com/theislab/spapros_reproducibility,0,NA,NA,NA
theislab,spatial_atlas_ssl,theislab/spatial_atlas_ssl,2,2,0,0,FALSE,https://github.com/theislab/spatial_atlas_ssl,2,NA,NA,NA
theislab,spatial_scog_workshop_2022,theislab/spatial_scog_workshop_2022,47,9,0,26,FALSE,https://github.com/theislab/spatial_scog_workshop_2022,47,NA,NA,NA
theislab,squidpy_reproducibility,theislab/squidpy_reproducibility,8,2,0,6,FALSE,https://github.com/theislab/squidpy_reproducibility,8,NA,NA,NA
theislab,ssl_in_scg,theislab/ssl_in_scg,3,1,0,1,FALSE,https://github.com/theislab/ssl_in_scg,3,NA,NA,NA
theislab,superexacttestpy,theislab/superexacttestpy,9,2,3,0,FALSE,https://github.com/theislab/superexacttestpy,9,NA,NA,NA
theislab,svaeligr,theislab/svaeligr,2,3,0,0,FALSE,https://github.com/theislab/svaeligr,2,NA,NA,NA
theislab,task-dge-perturbation-prediction-analysis,theislab/task-dge-perturbation-prediction-analysis,1,3,0,0,FALSE,https://github.com/theislab/task-dge-perturbation-prediction-analysis,1,NA,NA,NA
theislab,tcellmatch,theislab/tcellmatch,37,9,3,7,FALSE,https://github.com/theislab/tcellmatch,37,NA,NA,NA
theislab,theislab.github.io,theislab/theislab.github.io,7,2,9,0,FALSE,https://github.com/theislab/theislab.github.io,7,NA,NA,NA
theislab,tissue,theislab/tissue,0,3,0,0,FALSE,https://github.com/theislab/tissue,0,NA,NA,NA
theislab,tissue_reproducibility,theislab/tissue_reproducibility,1,3,0,0,FALSE,https://github.com/theislab/tissue_reproducibility,1,NA,NA,NA
theislab,tissue_tensorflow,theislab/tissue_tensorflow,8,3,0,0,FALSE,https://github.com/theislab/tissue_tensorflow,8,NA,NA,NA
theislab,trVAE,theislab/trVAE,53,7,2,11,FALSE,https://github.com/theislab/trVAE,53,NA,NA,NA
theislab,trVAE_reproducibility,theislab/trVAE_reproducibility,6,3,2,5,FALSE,https://github.com/theislab/trVAE_reproducibility,6,NA,NA,NA
theislab,transcription_factor_activity,theislab/transcription_factor_activity,1,1,5,1,FALSE,https://github.com/theislab/transcription_factor_activity,1,ced39f7274e8fb4cc5da8f29dd197a8061227d7e,Delete sync.yaml for noe,[![](https://github.com/theislab/transcription_factor_activity/workflows/Check%20Build/badge.svg)](https://github.com/theislab/transcription_factor_activity/actions/runs/5133287206) [![](https://github.com/theislab/transcription_factor_activity/workflows/Test/badge.svg)](https://github.com/theislab/transcription_factor_activity/actions/runs/5133287208)
theislab,trvaep,theislab/trvaep,9,3,0,5,FALSE,https://github.com/theislab/trvaep,9,NA,NA,NA
theislab,unbalanced_monge_maps_single_cell,theislab/unbalanced_monge_maps_single_cell,1,1,0,0,FALSE,https://github.com/theislab/unbalanced_monge_maps_single_cell,1,NA,NA,NA
theislab,zebrafish_bipolarity,theislab/zebrafish_bipolarity,1,4,0,1,FALSE,https://github.com/theislab/zebrafish_bipolarity,1,NA,NA,NA
theislab,zellkonverter,theislab/zellkonverter,135,5,24,26,FALSE,https://github.com/theislab/zellkonverter,135,328e7ea895196dbac6229ad3076e9b6ed00b7afe,"Merge branch 'RELEASE_3_19' into devel

* RELEASE_3_19:
  Bump release version
  Add example H5AD test
  Fix URL for GTEx 8 tissues dataset in long tests
  Disable anndata v0.7.6 tests on Apple Silicon",[![](https://github.com/theislab/zellkonverter/workflows/.github/workflows/check-bioc.yml/badge.svg)](https://github.com/theislab/zellkonverter/actions/runs/9611012269)
